{
  "breakeven_hsr_air_km": 2.168404344971009e-15,
  "breakeven_hsr_truck_km": 2.168404344971009e-15,
  "breakeven_air_truck_km": 4.336808689942018e-15,
  "optimal_range_hsr": "500-1500km",
  "radar_scores": {
    "高铁快运": [
      8,
      6,
      10,
      7,
      9,
      5
    ],
    "航空货运": [
      10,
      2,
      5,
      3,
      2,
      4
    ],
    "公路卡车": [
      2,
      10,
      6,
      8,
      6,
      10
    ]
  },
  "radar_dimensions": [
    "运输时效",
    "运价竞争力",
    "准点可靠性",
    "装载能力",
    "绿色低碳",
    "网络覆盖"
  ]
}